{"frames": [

{
	"filename": "bolt_ball_0001.png",
	"frame": {"x":1,"y":1,"w":90,"h":57},
	"rotated": false,
	"trimmed": true,
	"spriteSourceSize": {"x":5,"y":37,"w":90,"h":57},
	"sourceSize": {"w":128,"h":128}
},
{
	"filename": "bolt_ball_0002.png",
	"frame": {"x":93,"y":1,"w":90,"h":62},
	"rotated": false,
	"trimmed": true,
	"spriteSourceSize": {"x":2,"y":32,"w":90,"h":62},
	"sourceSize": {"w":128,"h":128}
},
{
	"filename": "bolt_ball_0003.png",
	"frame": {"x":185,"y":1,"w":89,"h":59},
	"rotated": false,
	"trimmed": true,
	"spriteSourceSize": {"x":2,"y":32,"w":89,"h":59},
	"sourceSize": {"w":128,"h":128}
},
{
	"filename": "bolt_ball_0004.png",
	"frame": {"x":276,"y":1,"w":70,"h":56},
	"rotated": false,
	"trimmed": true,
	"spriteSourceSize": {"x":18,"y":31,"w":70,"h":56},
	"sourceSize": {"w":128,"h":128}
},
{
	"filename": "bolt_ball_0005.png",
	"frame": {"x":348,"y":1,"w":87,"h":56},
	"rotated": false,
	"trimmed": true,
	"spriteSourceSize": {"x":8,"y":31,"w":87,"h":56},
	"sourceSize": {"w":128,"h":128}
},
{
	"filename": "bolt_ball_0006.png",
	"frame": {"x":1,"y":65,"w":86,"h":61},
	"rotated": false,
	"trimmed": true,
	"spriteSourceSize": {"x":6,"y":31,"w":86,"h":61},
	"sourceSize": {"w":128,"h":128}
},
{
	"filename": "bolt_ball_0007.png",
	"frame": {"x":89,"y":65,"w":90,"h":59},
	"rotated": false,
	"trimmed": true,
	"spriteSourceSize": {"x":4,"y":33,"w":90,"h":59},
	"sourceSize": {"w":128,"h":128}
},
{
	"filename": "bolt_ball_0008.png",
	"frame": {"x":181,"y":65,"w":90,"h":56},
	"rotated": false,
	"trimmed": true,
	"spriteSourceSize": {"x":3,"y":34,"w":90,"h":56},
	"sourceSize": {"w":128,"h":128}
},
{
	"filename": "bolt_ball_0009.png",
	"frame": {"x":273,"y":65,"w":94,"h":55},
	"rotated": false,
	"trimmed": true,
	"spriteSourceSize": {"x":3,"y":36,"w":94,"h":55},
	"sourceSize": {"w":128,"h":128}
},
{
	"filename": "bolt_ball_0010.png",
	"frame": {"x":369,"y":65,"w":91,"h":55},
	"rotated": false,
	"trimmed": true,
	"spriteSourceSize": {"x":3,"y":36,"w":91,"h":55},
	"sourceSize": {"w":128,"h":128}
},
{
	"filename": "bolt_sizzle_0001.png",
	"frame": {"x":1,"y":128,"w":63,"h":55},
	"rotated": false,
	"trimmed": true,
	"spriteSourceSize": {"x":31,"y":32,"w":63,"h":55},
	"sourceSize": {"w":128,"h":128}
},
{
	"filename": "bolt_sizzle_0002.png",
	"frame": {"x":66,"y":128,"w":72,"h":62},
	"rotated": false,
	"trimmed": true,
	"spriteSourceSize": {"x":28,"y":27,"w":72,"h":62},
	"sourceSize": {"w":128,"h":128}
},
{
	"filename": "bolt_sizzle_0003.png",
	"frame": {"x":140,"y":128,"w":77,"h":63},
	"rotated": false,
	"trimmed": true,
	"spriteSourceSize": {"x":26,"y":25,"w":77,"h":63},
	"sourceSize": {"w":128,"h":128}
},
{
	"filename": "bolt_sizzle_0004.png",
	"frame": {"x":219,"y":128,"w":82,"h":67},
	"rotated": false,
	"trimmed": true,
	"spriteSourceSize": {"x":24,"y":21,"w":82,"h":67},
	"sourceSize": {"w":128,"h":128}
},
{
	"filename": "bolt_sizzle_0005.png",
	"frame": {"x":303,"y":128,"w":84,"h":72},
	"rotated": false,
	"trimmed": true,
	"spriteSourceSize": {"x":24,"y":20,"w":84,"h":72},
	"sourceSize": {"w":128,"h":128}
},
{
	"filename": "bolt_sizzle_0006.png",
	"frame": {"x":389,"y":128,"w":84,"h":74},
	"rotated": false,
	"trimmed": true,
	"spriteSourceSize": {"x":25,"y":19,"w":84,"h":74},
	"sourceSize": {"w":128,"h":128}
},
{
	"filename": "bolt_sizzle_0007.png",
	"frame": {"x":1,"y":204,"w":79,"h":74},
	"rotated": false,
	"trimmed": true,
	"spriteSourceSize": {"x":26,"y":18,"w":79,"h":74},
	"sourceSize": {"w":128,"h":128}
},
{
	"filename": "bolt_sizzle_0008.png",
	"frame": {"x":82,"y":204,"w":72,"h":72},
	"rotated": false,
	"trimmed": true,
	"spriteSourceSize": {"x":33,"y":19,"w":72,"h":72},
	"sourceSize": {"w":128,"h":128}
},
{
	"filename": "bolt_sizzle_0009.png",
	"frame": {"x":156,"y":204,"w":67,"h":69},
	"rotated": false,
	"trimmed": true,
	"spriteSourceSize": {"x":39,"y":21,"w":67,"h":69},
	"sourceSize": {"w":128,"h":128}
},
{
	"filename": "bolt_sizzle_0010.png",
	"frame": {"x":225,"y":204,"w":64,"h":60},
	"rotated": false,
	"trimmed": true,
	"spriteSourceSize": {"x":40,"y":22,"w":64,"h":60},
	"sourceSize": {"w":128,"h":128}
},
{
	"filename": "bolt_strike_0001.png",
	"frame": {"x":291,"y":204,"w":57,"h":71},
	"rotated": false,
	"trimmed": true,
	"spriteSourceSize": {"x":4,"y":20,"w":57,"h":71},
	"sourceSize": {"w":128,"h":128}
},
{
	"filename": "bolt_strike_0002.png",
	"frame": {"x":350,"y":204,"w":123,"h":76},
	"rotated": false,
	"trimmed": true,
	"spriteSourceSize": {"x":3,"y":16,"w":123,"h":76},
	"sourceSize": {"w":128,"h":128}
},
{
	"filename": "bolt_strike_0003.png",
	"frame": {"x":1,"y":282,"w":121,"h":62},
	"rotated": false,
	"trimmed": true,
	"spriteSourceSize": {"x":5,"y":18,"w":121,"h":62},
	"sourceSize": {"w":128,"h":128}
},
{
	"filename": "bolt_strike_0004.png",
	"frame": {"x":124,"y":282,"w":121,"h":66},
	"rotated": false,
	"trimmed": true,
	"spriteSourceSize": {"x":5,"y":17,"w":121,"h":66},
	"sourceSize": {"w":128,"h":128}
},
{
	"filename": "bolt_strike_0005.png",
	"frame": {"x":247,"y":282,"w":117,"h":71},
	"rotated": false,
	"trimmed": true,
	"spriteSourceSize": {"x":8,"y":16,"w":117,"h":71},
	"sourceSize": {"w":128,"h":128}
},
{
	"filename": "bolt_strike_0006.png",
	"frame": {"x":366,"y":282,"w":117,"h":71},
	"rotated": false,
	"trimmed": true,
	"spriteSourceSize": {"x":8,"y":17,"w":117,"h":71},
	"sourceSize": {"w":128,"h":128}
},
{
	"filename": "bolt_strike_0007.png",
	"frame": {"x":1,"y":355,"w":115,"h":70},
	"rotated": false,
	"trimmed": true,
	"spriteSourceSize": {"x":8,"y":18,"w":115,"h":70},
	"sourceSize": {"w":128,"h":128}
},
{
	"filename": "bolt_strike_0008.png",
	"frame": {"x":118,"y":355,"w":101,"h":67},
	"rotated": false,
	"trimmed": true,
	"spriteSourceSize": {"x":17,"y":21,"w":101,"h":67},
	"sourceSize": {"w":128,"h":128}
},
{
	"filename": "bolt_strike_0009.png",
	"frame": {"x":221,"y":355,"w":79,"h":62},
	"rotated": false,
	"trimmed": true,
	"spriteSourceSize": {"x":37,"y":22,"w":79,"h":62},
	"sourceSize": {"w":128,"h":128}
},
{
	"filename": "bolt_strike_0010.png",
	"frame": {"x":302,"y":355,"w":33,"h":58},
	"rotated": false,
	"trimmed": true,
	"spriteSourceSize": {"x":86,"y":22,"w":33,"h":58},
	"sourceSize": {"w":128,"h":128}
}],
"meta": {
	"app": "http://www.codeandweb.com/texturepacker",
	"version": "1.0",
	"image": "atlas.png",
	"format": "RGBA8888",
	"size": {"w":484,"h":426},
	"scale": "0.25",
	"smartupdate": "$TexturePacker:SmartUpdate:dbfb4599452c4b615380df71f759dc0f:be0e7b5d32b46fdfaeb8db5e71b6d32d:cbce6b53f0f49e0bf15173c25c41f876$"
}
}