{
	"textures": [
		{
			"image": "hitenemyeffect.png",
			"format": "RGBA8888",
			"size": {
				"w": 203,
				"h": 470
			},
			"scale": 1,
			"frames": [
				{
					"filename": "LayerHitEnemy4.png",
					"rotated": false,
					"trimmed": false,
					"sourceSize": {
						"w": 192,
						"h": 186
					},
					"spriteSourceSize": {
						"x": 0,
						"y": 0,
						"w": 192,
						"h": 186
					},
					"frame": {
						"x": 1,
						"y": 1,
						"w": 192,
						"h": 186
					}
				},
				{
					"filename": "LayerHitEnemy3.png",
					"rotated": false,
					"trimmed": false,
					"sourceSize": {
						"w": 183,
						"h": 155
					},
					"spriteSourceSize": {
						"x": 0,
						"y": 0,
						"w": 183,
						"h": 155
					},
					"frame": {
						"x": 1,
						"y": 189,
						"w": 183,
						"h": 155
					}
				},
				{
					"filename": "LayerHitEnemy2.png",
					"rotated": false,
					"trimmed": false,
					"sourceSize": {
						"w": 144,
						"h": 123
					},
					"spriteSourceSize": {
						"x": 0,
						"y": 0,
						"w": 144,
						"h": 123
					},
					"frame": {
						"x": 1,
						"y": 346,
						"w": 144,
						"h": 123
					}
				},
				{
					"filename": "LayerHitEnemy1.png",
					"rotated": false,
					"trimmed": false,
					"sourceSize": {
						"w": 55,
						"h": 65
					},
					"spriteSourceSize": {
						"x": 0,
						"y": 0,
						"w": 55,
						"h": 65
					},
					"frame": {
						"x": 147,
						"y": 346,
						"w": 55,
						"h": 65
					}
				}
			]
		}
	],
	"meta": {
		"app": "https://www.codeandweb.com/texturepacker",
		"version": "3.0",
		"smartupdate": "$TexturePacker:SmartUpdate:7901a548d0dc497d93f9b8d9ed93e04a:137492dfa5a13bc6be8a87b499af3061:8e0b763c16516c1fbceceb597b5c4130$"
	}
}
